Workbook
Name Age: '📋 Employee Dataset'!$D$3:$D$27
Name Department: '📋 Employee Dataset'!$C$3:$C$27
Name empid: '📋 Employee Dataset'!$A$3:$A$27
Name Gender: '📋 Employee Dataset'!$I$3:$I$27
Name HELLO: LAMBDA(name, _xldudf_BOARDFLARE_EXEC("hello", name))
Name Region: '📋 Employee Dataset'!$H$3:$H$27
Name Salary: '📋 Employee Dataset'!$E$3:$E$27

Sheet 📋 Employee Dataset
A1: 🏢 Employee Dataset — Use this data across all practice sheets
A2: Emp ID | B2: Name | C2: Department | D2: Age | E2: Salary | F2: Years Exp | G2: Performance | H2: Region | I2: Gender | J2: Bonus % | K2: Projects Done | L2: Active?
A3: E001 | B3: Alice Johnson | C3: HR | D3: 34 | E3: 62000 | F3: 6 | G3: Excellent | H3: North | I3: F | J3: 12 | K3: 8 | L3: Yes | N3: {=_xlfn.IFS(E3>=90000,"HIGH TAX",E3>=65000,"MID TAX",TRUE,"LOW TAX")} -> LOW TAX
A4: E002 | B4: Bob Smith | C4: IT | D4: 28 | E4: 75000 | F4: 4 | G4: Good | H4: South | I4: M | J4: 10 | K4: 12 | L4: Yes | M4: =IF(L4="Yes","ACTIVE","INACTIVE") -> ACTIVE
A5: E003 | B5: Carol White | C5: Finance | D5: 45 | E5: 90000 | F5: 18 | G5: Excellent | H5: East | I5: F | J5: 15 | K5: 20 | L5: Yes | M5: =IF(L5="Yes","ACTIVE","INACTIVE") -> ACTIVE
A6: E004 | B6: David Brown | C6: IT | D6: 31 | E6: 71000 | F6: 7 | G6: Average | H6: West | I6: M | J6: 8 | K6: 9 | L6: Yes | M6: =IF(L6="Yes","ACTIVE","INACTIVE") -> ACTIVE
A7: E005 | B7: Eva Green | C7: Marketing | D7: 26 | E7: 55000 | F7: 3 | G7: Good | H7: North | I7: F | J7: 10 | K7: 6 | L7: Yes | M7: =IF(L7="Yes","ACTIVE","INACTIVE") -> ACTIVE
A8: E006 | B8: Frank Lee | C8: HR | D8: 52 | E8: 68000 | F8: 22 | G8: Average | H8: South | I8: M | J8: 8 | K8: 15 | L8: No | M8: =IF(L8="Yes","ACTIVE","INACTIVE") -> INACTIVE | O8: it | Q8: =AVERAGEIFS(F8:F27,C8:C27,"IT",G8:G27,"EXCELLENT",H8:H27,"North",L8:L27,"YES") -> #DIV/0!
A9: E007 | B9: Grace Kim | C9: Finance | D9: 38 | E9: 95000 | F9: 14 | G9: Excellent | H9: East | I9: F | J9: 15 | K9: 22 | L9: Yes | M9: =IF(L9="Yes","ACTIVE","INACTIVE") -> ACTIVE | O9: excellent
A10: E008 | B10: Henry Davis | C10: IT | D10: 23 | E10: 58000 | F10: 1 | G10: Good | H10: West | I10: M | J10: 10 | K10: 5 | L10: Yes | M10: =IF(L10="Yes","ACTIVE","INACTIVE") -> ACTIVE | O10: north
A11: E009 | B11: Isla Martin | C11: Marketing | D11: 41 | E11: 72000 | F11: 12 | G11: Excellent | H11: North | I11: F | J11: 12 | K11: 18 | L11: Yes | M11: =IF(L11="Yes","ACTIVE","INACTIVE") -> ACTIVE | O11: yes
A12: E010 | B12: Jack Wilson | C12: Finance | D12: 29 | E12: 80000 | F12: 5 | G12: Average | H12: South | I12: M | J12: 8 | K12: 10 | L12: Yes | M12: =IF(L12="Yes","ACTIVE","INACTIVE") -> ACTIVE
A13: E011 | B13: Karen Taylor | C13: IT | D13: 36 | E13: 82000 | F13: 10 | G13: Good | H13: East | I13: F | J13: 10 | K13: 14 | L13: No | M13: =IF(L13="Yes","ACTIVE","INACTIVE") -> INACTIVE
A14: E012 | B14: Liam Moore | C14: HR | D14: 48 | E14: 63000 | F14: 20 | G14: Average | H14: West | I14: M | J14: 8 | K14: 11 | L14: Yes | M14: =IF(L14="Yes","ACTIVE","INACTIVE") -> ACTIVE
A15: E013 | B15: Mia Anderson | C15: Marketing | D15: 33 | E15: 60000 | F15: 8 | G15: Good | H15: North | I15: F | J15: 10 | K15: 9 | L15: Yes | M15: =IF(L15="Yes","ACTIVE","INACTIVE") -> ACTIVE
A16: E014 | B16: Noah Thomas | C16: Finance | D16: 55 | E16: 105000 | F16: 28 | G16: Excellent | H16: South | I16: M | J16: 20 | K16: 30 | L16: Yes | M16: =IF(L16="Yes","ACTIVE","INACTIVE") -> ACTIVE
A17: E015 | B17: Olivia Harris | C17: IT | D17: 27 | E17: 70000 | F17: 3 | G17: Excellent | H17: East | I17: F | J17: 12 | K17: 7 | L17: Yes | M17: =IF(L17="Yes","ACTIVE","INACTIVE") -> ACTIVE
A18: E016 | B18: Peter Clark | C18: HR | D18: 44 | E18: 67000 | F18: 16 | G18: Good | H18: West | I18: M | J18: 10 | K18: 13 | L18: No | M18: =IF(L18="Yes","ACTIVE","INACTIVE") -> INACTIVE
A19: E017 | B19: Quinn Lewis | C19: Marketing | D19: 30 | E19: 58000 | F19: 6 | G19: Average | H19: North | I19: F | J19: 8 | K19: 8 | L19: Yes | M19: =IF(L19="Yes","ACTIVE","INACTIVE") -> ACTIVE
A20: E018 | B20: Ryan Walker | C20: IT | D20: 39 | E20: 88000 | F20: 13 | G20: Excellent | H20: South | I20: M | J20: 15 | K20: 17 | L20: Yes | M20: =IF(L20="Yes","ACTIVE","INACTIVE") -> ACTIVE
A21: E019 | B21: Sara Hall | C21: Finance | D21: 25 | E21: 76000 | F21: 2 | G21: Good | H21: East | I21: F | J21: 10 | K21: 6 | L21: Yes | M21: =IF(L21="Yes","ACTIVE","INACTIVE") -> ACTIVE
A22: E020 | B22: Tom Young | C22: Marketing | D22: 50 | E22: 65000 | F22: 24 | G22: Average | H22: West | I22: M | J22: 8 | K22: 19 | L22: Yes | M22: =IF(L22="Yes","ACTIVE","INACTIVE") -> ACTIVE
A23: E021 | B23: Uma Scott | C23: HR | D23: 35 | E23: 64000 | F23: 9 | G23: Excellent | H23: North | I23: F | J23: 12 | K23: 10 | L23: Yes | M23: =IF(L23="Yes","ACTIVE","INACTIVE") -> ACTIVE
... A27: E025 | B27: Yara Hill | C27: IT | D27: 29 | E27: 73000 | F27: 4 | G27: Good | H27: North | I27: F | J27: 10 | K27: 8 | L27: Yes | M27: =IF(L27="Yes","ACTIVE","INACTIVE") -> ACTIVE

Sheet 🔀 IF Function
A1: 🔀 IF Function — Syntax: =IF(logical_test, value_if_true, value_if_false)
A2: 📌 The IF function checks a condition and returns one value if TRUE, another if FALSE. It is the foundation of all logical functions in Excel.
A3: Emp ID | B3: Name | C3: Salary | D3: Age | E3: Years Exp | F3: Senior? (IF) | G3: Bonus Category | H3: Performance Tag
A4: E001 | B4: Alice Johnson | C4: 62000 | D4: 34 | E4: 6 | F4: =IF(E4>=10,"SENIOR","JUNIOR") -> JUNIOR | G4: =IF(C4>=80000,"HIGH BONUS","STANDARD BONUS") -> STANDARD BONUS | H4: =IF(F4="senior","Top Performer","Regular") -> Regular
A5: E002 | B5: Bob Smith | C5: 75000 | D5: 28 | E5: 4 | F5: =IF(E5>=10,"SENIOR","JUNIOR") -> JUNIOR | G5: =IF(C5>=80000,"HIGH BONUS","STANDARD BONUS") -> STANDARD BONUS | H5: =IF(F5="senior","Top Performer","Regular") -> Regular
A6: E003 | B6: Carol White | C6: 90000 | D6: 45 | E6: 18 | F6: =IF(E6>=10,"SENIOR","JUNIOR") -> SENIOR | G6: =IF(C6>=80000,"HIGH BONUS","STANDARD BONUS") -> HIGH BONUS | H6: =IF(F6="senior","Top Performer","Regular") -> Top Performer | J6: Senior? (IF) | K6: classify employees as "Senior" if their experience (column E) is 10 years or more, otherwise label them "Junior"
A7: E004 | B7: David Brown | C7: 71000 | D7: 31 | E7: 7 | F7: =IF(E7>=10,"SENIOR","JUNIOR") -> JUNIOR | G7: =IF(C7>=80000,"HIGH BONUS","STANDARD BONUS") -> STANDARD BONUS | H7: =IF(F7="senior","Top Performer","Regular") -> Regular
A8: E005 | B8: Eva Green | C8: 55000 | D8: 26 | E8: 3 | F8: =IF(E8>=10,"SENIOR","JUNIOR") -> JUNIOR | G8: =IF(C8>=80000,"HIGH BONUS","STANDARD BONUS") -> STANDARD BONUS | H8: =IF(F8="senior","Top Performer","Regular") -> Regular | J8: Bonus Category | K8: determine the bonus category.If an employee's salary (column C) is 80,000 or more, return "High Bonus", otherwise return "Standard Bonus"
A9: E006 | B9: Frank Lee | C9: 68000 | D9: 52 | E9: 22 | F9: =IF(E9>=10,"SENIOR","JUNIOR") -> SENIOR | G9: =IF(C9>=80000,"HIGH BONUS","STANDARD BONUS") -> STANDARD BONUS | H9: =IF(F9="senior","Top Performer","Regular") -> Top Performer
A10: E007 | B10: Grace Kim | C10: 95000 | D10: 38 | E10: 14 | F10: =IF(E10>=10,"SENIOR","JUNIOR") -> SENIOR | G10: =IF(C10>=80000,"HIGH BONUS","STANDARD BONUS") -> HIGH BONUS | H10: =IF(F10="senior","Top Performer","Regular") -> Top Performer | J10: Performance Tag | K10: In column H, categorize employees as: "Top Performer" if their designation in column F is Senior,Otherwise return "Regular".
A11: E008 | B11: Henry Davis | C11: 58000 | D11: 23 | E11: 1 | F11: =IF(E11>=10,"SENIOR","JUNIOR") -> JUNIOR | G11: =IF(C11>=80000,"HIGH BONUS","STANDARD BONUS") -> STANDARD BONUS | H11: =IF(F11="senior","Top Performer","Regular") -> Regular
A12: E009 | B12: Isla Martin | C12: 72000 | D12: 41 | E12: 12 | F12: =IF(E12>=10,"SENIOR","JUNIOR") -> SENIOR | G12: =IF(C12>=80000,"HIGH BONUS","STANDARD BONUS") -> STANDARD BONUS | H12: =IF(F12="senior","Top Performer","Regular") -> Top Performer
A13: E010 | B13: Jack Wilson | C13: 80000 | D13: 29 | E13: 5 | F13: =IF(E13>=10,"SENIOR","JUNIOR") -> JUNIOR | G13: =IF(C13>=80000,"HIGH BONUS","STANDARD BONUS") -> HIGH BONUS | H13: =IF(F13="senior","Top Performer","Regular") -> Regular
A14: E011 | B14: Karen Taylor | C14: 82000 | D14: 36 | E14: 10 | F14: =IF(E14>=10,"SENIOR","JUNIOR") -> SENIOR | G14: =IF(C14>=80000,"HIGH BONUS","STANDARD BONUS") -> HIGH BONUS | H14: =IF(F14="senior","Top Performer","Regular") -> Top Performer
A15: E012 | B15: Liam Moore | C15: 63000 | D15: 48 | E15: 20 | F15: =IF(E15>=10,"SENIOR","JUNIOR") -> SENIOR | G15: =IF(C15>=80000,"HIGH BONUS","STANDARD BONUS") -> STANDARD BONUS | H15: =IF(F15="senior","Top Performer","Regular") -> Top Performer
A16: E013 | B16: Mia Anderson | C16: 60000 | D16: 33 | E16: 8 | F16: =IF(E16>=10,"SENIOR","JUNIOR") -> JUNIOR | G16: =IF(C16>=80000,"HIGH BONUS","STANDARD BONUS") -> STANDARD BONUS | H16: =IF(F16="senior","Top Performer","Regular") -> Regular
A17: E014 | B17: Noah Thomas | C17: 105000 | D17: 55 | E17: 28 | F17: =IF(E17>=10,"SENIOR","JUNIOR") -> SENIOR | G17: =IF(C17>=80000,"HIGH BONUS","STANDARD BONUS") -> HIGH BONUS | H17: =IF(F17="senior","Top Performer","Regular") -> Top Performer
A18: E015 | B18: Olivia Harris | C18: 70000 | D18: 27 | E18: 3 | F18: =IF(E18>=10,"SENIOR","JUNIOR") -> JUNIOR | G18: =IF(C18>=80000,"HIGH BONUS","STANDARD BONUS") -> STANDARD BONUS | H18: =IF(F18="senior","Top Performer","Regular") -> Regular
A19: E016 | B19: Peter Clark | C19: 67000 | D19: 44 | E19: 16 | F19: =IF(E19>=10,"SENIOR","JUNIOR") -> SENIOR | G19: =IF(C19>=80000,"HIGH BONUS","STANDARD BONUS") -> STANDARD BONUS | H19: =IF(F19="senior","Top Performer","Regular") -> Top Performer
A20: E017 | B20: Quinn Lewis | C20: 58000 | D20: 30 | E20: 6 | F20: =IF(E20>=10,"SENIOR","JUNIOR") -> JUNIOR | G20: =IF(C20>=80000,"HIGH BONUS","STANDARD BONUS") -> STANDARD BONUS | H20: =IF(F20="senior","Top Performer","Regular") -> Regular
A21: E018 | B21: Ryan Walker | C21: 88000 | D21: 39 | E21: 13 | F21: =IF(E21>=10,"SENIOR","JUNIOR") -> SENIOR | G21: =IF(C21>=80000,"HIGH BONUS","STANDARD BONUS") -> HIGH BONUS | H21: =IF(F21="senior","Top Performer","Regular") -> Top Performer
A22: E019 | B22: Sara Hall | C22: 76000 | D22: 25 | E22: 2 | F22: =IF(E22>=10,"SENIOR","JUNIOR") -> JUNIOR | G22: =IF(C22>=80000,"HIGH BONUS","STANDARD BONUS") -> STANDARD BONUS | H22: =IF(F22="senior","Top Performer","Regular") -> Regular
... A28: E025 | B28: Yara Hill | C28: 73000 | D28: 29 | E28: 4 | F28: =IF(E28>=10,"SENIOR","JUNIOR") -> JUNIOR | G28: =IF(C28>=80000,"HIGH BONUS","STANDARD BONUS") -> STANDARD BONUS | H28: =IF(F28="senior","Top Performer","Regular") -> Regular

Sheet 🔢 Nested IF & IFS
A1: 🔢 Nested IF & IFS — Multiple conditions in sequence
A2: 📌 Nested IF stacks multiple IF functions. IFS (Excel 2019+) is cleaner for 3+ conditions. Both evaluate conditions top-to-bottom and stop at the first TRUE.
A3: Emp ID | B3: Name | C3: Salary | D3: Performance | E3: Years Exp | F3: Grade (Nested IF) | G3: Salary Band (IFS) | H3: Appraisal Note
A4: E001 | B4: Alice Johnson | C4: 62000 | D4: Excellent | E4: 6 | F4: {=_xlfn.IFS(AND(D4="EXCELLENT",C4>=80000),"A+",AND(D4="EXCELLENT",C4<80000),"A",D4="GOOD","B",D4="AVERAGE","B",TRUE,"D")} -> A | G4: {=_xlfn.IFS(C4>=100000,"EXECUTIVE",C4>=80000,"SENIOR",C4>=65000,"MID LEVEL",C4<65000,"JUNIOR")} -> JUNIOR | H4: {=_xlfn.IFS(AND(D4="EXCELLENT",E4>="10 YEARS"),"PROMOTION CANDIDATE",(D4="AVERAGE"),"NEEDS IMPROVEMENT","TRUE","ON TRACK")} -> ON TRACK
A5: E002 | B5: Bob Smith | C5: 75000 | D5: Good | E5: 4 | F5: {=_xlfn.IFS(AND(D5="EXCELLENT",C5>=80000),"A+",AND(D5="EXCELLENT",C5<80000),"A",D5="GOOD","B",D5="AVERAGE","B",TRUE,"D")} -> B | G5: {=_xlfn.IFS(C5>=100000,"EXECUTIVE",C5>=80000,"SENIOR",C5>=65000,"MID LEVEL",C5<65000,"JUNIOR")} -> MID LEVEL | H5: {=_xlfn.IFS(AND(D5="EXCELLENT",E5>="10 YEARS"),"PROMOTION CANDIDATE",(D5="AVERAGE"),"NEEDS IMPROVEMENT","TRUE","ON TRACK")} -> ON TRACK
A6: E003 | B6: Carol White | C6: 90000 | D6: Excellent | E6: 18 | F6: {=_xlfn.IFS(AND(D6="EXCELLENT",C6>=80000),"A+",AND(D6="EXCELLENT",C6<80000),"A",D6="GOOD","B",D6="AVERAGE","B",TRUE,"D")} -> A+ | G6: {=_xlfn.IFS(C6>=100000,"EXECUTIVE",C6>=80000,"SENIOR",C6>=65000,"MID LEVEL",C6<65000,"JUNIOR")} -> SENIOR | H6: {=_xlfn.IFS(AND(D6="EXCELLENT",E6>="10 YEARS"),"PROMOTION CANDIDATE",(D6="AVERAGE"),"NEEDS IMPROVEMENT","TRUE","ON TRACK")} -> ON TRACK
A7: E004 | B7: David Brown | C7: 71000 | D7: Average | E7: 7 | F7: {=_xlfn.IFS(AND(D7="EXCELLENT",C7>=80000),"A+",AND(D7="EXCELLENT",C7<80000),"A",D7="GOOD","B",D7="AVERAGE","B",TRUE,"D")} -> B | G7: {=_xlfn.IFS(C7>=100000,"EXECUTIVE",C7>=80000,"SENIOR",C7>=65000,"MID LEVEL",C7<65000,"JUNIOR")} -> MID LEVEL | H7: {=_xlfn.IFS(AND(D7="EXCELLENT",E7>="10 YEARS"),"PROMOTION CANDIDATE",(D7="AVERAGE"),"NEEDS IMPROVEMENT","TRUE","ON TRACK")} -> NEEDS IMPROVEMENT | K7: Grade (Nested IF) | L7: assign a grade based on employee performance rating (column D) and salary (column C) using the following rules:
A8: E005 | B8: Eva Green | C8: 55000 | D8: Good | E8: 3 | F8: {=_xlfn.IFS(AND(D8="EXCELLENT",C8>=80000),"A+",AND(D8="EXCELLENT",C8<80000),"A",D8="GOOD","B",D8="AVERAGE","B",TRUE,"D")} -> B | G8: {=_xlfn.IFS(C8>=100000,"EXECUTIVE",C8>=80000,"SENIOR",C8>=65000,"MID LEVEL",C8<65000,"JUNIOR")} -> JUNIOR | H8: {=_xlfn.IFS(AND(D8="EXCELLENT",E8>="10 YEARS"),"PROMOTION CANDIDATE",(D8="AVERAGE"),"NEEDS IMPROVEMENT","TRUE","ON TRACK")} -> ON TRACK
A9: E006 | B9: Frank Lee | C9: 68000 | D9: Average | E9: 22 | F9: {=_xlfn.IFS(AND(D9="EXCELLENT",C9>=80000),"A+",AND(D9="EXCELLENT",C9<80000),"A",D9="GOOD","B",D9="AVERAGE","B",TRUE,"D")} -> B | G9: {=_xlfn.IFS(C9>=100000,"EXECUTIVE",C9>=80000,"SENIOR",C9>=65000,"MID LEVEL",C9<65000,"JUNIOR")} -> MID LEVEL | H9: {=_xlfn.IFS(AND(D9="EXCELLENT",E9>="10 YEARS"),"PROMOTION CANDIDATE",(D9="AVERAGE"),"NEEDS IMPROVEMENT","TRUE","ON TRACK")} -> NEEDS IMPROVEMENT | L9: If rating is Excellent and salary ≥ 80,000 → A+
A10: E007 | B10: Grace Kim | C10: 95000 | D10: Excellent | E10: 14 | F10: {=_xlfn.IFS(AND(D10="EXCELLENT",C10>=80000),"A+",AND(D10="EXCELLENT",C10<80000),"A",D10="GOOD","B",D10="AVERAGE","B",TRUE,"D")} -> A+ | G10: {=_xlfn.IFS(C10>=100000,"EXECUTIVE",C10>=80000,"SENIOR",C10>=65000,"MID LEVEL",C10<65000,"JUNIOR")} -> SENIOR | H10: {=_xlfn.IFS(AND(D10="EXCELLENT",E10>="10 YEARS"),"PROMOTION CANDIDATE",(D10="AVERAGE"),"NEEDS IMPROVEMENT","TRUE","ON TRACK")} -> ON TRACK | L10: If rating is Excellent but salary < 80,000 → A
A11: E008 | B11: Henry Davis | C11: 58000 | D11: Good | E11: 1 | F11: {=_xlfn.IFS(AND(D11="EXCELLENT",C11>=80000),"A+",AND(D11="EXCELLENT",C11<80000),"A",D11="GOOD","B",D11="AVERAGE","B",TRUE,"D")} -> B | G11: {=_xlfn.IFS(C11>=100000,"EXECUTIVE",C11>=80000,"SENIOR",C11>=65000,"MID LEVEL",C11<65000,"JUNIOR")} -> JUNIOR | H11: {=_xlfn.IFS(AND(D11="EXCELLENT",E11>="10 YEARS"),"PROMOTION CANDIDATE",(D11="AVERAGE"),"NEEDS IMPROVEMENT","TRUE","ON TRACK")} -> ON TRACK | L11: If rating is Good → B
A12: E009 | B12: Isla Martin | C12: 72000 | D12: Excellent | E12: 12 | F12: {=_xlfn.IFS(AND(D12="EXCELLENT",C12>=80000),"A+",AND(D12="EXCELLENT",C12<80000),"A",D12="GOOD","B",D12="AVERAGE","B",TRUE,"D")} -> A | G12: {=_xlfn.IFS(C12>=100000,"EXECUTIVE",C12>=80000,"SENIOR",C12>=65000,"MID LEVEL",C12<65000,"JUNIOR")} -> MID LEVEL | H12: {=_xlfn.IFS(AND(D12="EXCELLENT",E12>="10 YEARS"),"PROMOTION CANDIDATE",(D12="AVERAGE"),"NEEDS IMPROVEMENT","TRUE","ON TRACK")} -> ON TRACK | L12: If rating is Average → C
A13: E010 | B13: Jack Wilson | C13: 80000 | D13: Average | E13: 5 | F13: {=_xlfn.IFS(AND(D13="EXCELLENT",C13>=80000),"A+",AND(D13="EXCELLENT",C13<80000),"A",D13="GOOD","B",D13="AVERAGE","B",TRUE,"D")} -> B | G13: {=_xlfn.IFS(C13>=100000,"EXECUTIVE",C13>=80000,"SENIOR",C13>=65000,"MID LEVEL",C13<65000,"JUNIOR")} -> SENIOR | H13: {=_xlfn.IFS(AND(D13="EXCELLENT",E13>="10 YEARS"),"PROMOTION CANDIDATE",(D13="AVERAGE"),"NEEDS IMPROVEMENT","TRUE","ON TRACK")} -> NEEDS IMPROVEMENT | L13: Otherwise → D
A14: E011 | B14: Karen Taylor | C14: 82000 | D14: Good | E14: 10 | F14: {=_xlfn.IFS(AND(D14="EXCELLENT",C14>=80000),"A+",AND(D14="EXCELLENT",C14<80000),"A",D14="GOOD","B",D14="AVERAGE","B",TRUE,"D")} -> B | G14: {=_xlfn.IFS(C14>=100000,"EXECUTIVE",C14>=80000,"SENIOR",C14>=65000,"MID LEVEL",C14<65000,"JUNIOR")} -> SENIOR | H14: {=_xlfn.IFS(AND(D14="EXCELLENT",E14>="10 YEARS"),"PROMOTION CANDIDATE",(D14="AVERAGE"),"NEEDS IMPROVEMENT","TRUE","ON TRACK")} -> ON TRACK
A15: E012 | B15: Liam Moore | C15: 63000 | D15: Average | E15: 20 | F15: {=_xlfn.IFS(AND(D15="EXCELLENT",C15>=80000),"A+",AND(D15="EXCELLENT",C15<80000),"A",D15="GOOD","B",D15="AVERAGE","B",TRUE,"D")} -> B | G15: {=_xlfn.IFS(C15>=100000,"EXECUTIVE",C15>=80000,"SENIOR",C15>=65000,"MID LEVEL",C15<65000,"JUNIOR")} -> JUNIOR | H15: {=_xlfn.IFS(AND(D15="EXCELLENT",E15>="10 YEARS"),"PROMOTION CANDIDATE",(D15="AVERAGE"),"NEEDS IMPROVEMENT","TRUE","ON TRACK")} -> NEEDS IMPROVEMENT
A16: E013 | B16: Mia Anderson | C16: 60000 | D16: Good | E16: 8 | F16: {=_xlfn.IFS(AND(D16="EXCELLENT",C16>=80000),"A+",AND(D16="EXCELLENT",C16<80000),"A",D16="GOOD","B",D16="AVERAGE","B",TRUE,"D")} -> B | G16: {=_xlfn.IFS(C16>=100000,"EXECUTIVE",C16>=80000,"SENIOR",C16>=65000,"MID LEVEL",C16<65000,"JUNIOR")} -> JUNIOR | H16: {=_xlfn.IFS(AND(D16="EXCELLENT",E16>="10 YEARS"),"PROMOTION CANDIDATE",(D16="AVERAGE"),"NEEDS IMPROVEMENT","TRUE","ON TRACK")} -> ON TRACK | K16: Salary Band (IFS) | L16: Assign salary band based on salary
A17: E014 | B17: Noah Thomas | C17: 105000 | D17: Excellent | E17: 28 | F17: {=_xlfn.IFS(AND(D17="EXCELLENT",C17>=80000),"A+",AND(D17="EXCELLENT",C17<80000),"A",D17="GOOD","B",D17="AVERAGE","B",TRUE,"D")} -> A+ | G17: {=_xlfn.IFS(C17>=100000,"EXECUTIVE",C17>=80000,"SENIOR",C17>=65000,"MID LEVEL",C17<65000,"JUNIOR")} -> EXECUTIVE | H17: {=_xlfn.IFS(AND(D17="EXCELLENT",E17>="10 YEARS"),"PROMOTION CANDIDATE",(D17="AVERAGE"),"NEEDS IMPROVEMENT","TRUE","ON TRACK")} -> ON TRACK
A18: E015 | B18: Olivia Harris | C18: 70000 | D18: Excellent | E18: 3 | F18: {=_xlfn.IFS(AND(D18="EXCELLENT",C18>=80000),"A+",AND(D18="EXCELLENT",C18<80000),"A",D18="GOOD","B",D18="AVERAGE","B",TRUE,"D")} -> A | G18: {=_xlfn.IFS(C18>=100000,"EXECUTIVE",C18>=80000,"SENIOR",C18>=65000,"MID LEVEL",C18<65000,"JUNIOR")} -> MID LEVEL | H18: {=_xlfn.IFS(AND(D18="EXCELLENT",E18>="10 YEARS"),"PROMOTION CANDIDATE",(D18="AVERAGE"),"NEEDS IMPROVEMENT","TRUE","ON TRACK")} -> ON TRACK | L18: salary >= 100000 → Executive
A19: E016 | B19: Peter Clark | C19: 67000 | D19: Good | E19: 16 | F19: {=_xlfn.IFS(AND(D19="EXCELLENT",C19>=80000),"A+",AND(D19="EXCELLENT",C19<80000),"A",D19="GOOD","B",D19="AVERAGE","B",TRUE,"D")} -> B | G19: {=_xlfn.IFS(C19>=100000,"EXECUTIVE",C19>=80000,"SENIOR",C19>=65000,"MID LEVEL",C19<65000,"JUNIOR")} -> MID LEVEL | H19: {=_xlfn.IFS(AND(D19="EXCELLENT",E19>="10 YEARS"),"PROMOTION CANDIDATE",(D19="AVERAGE"),"NEEDS IMPROVEMENT","TRUE","ON TRACK")} -> ON TRACK | L19: salary >= 80000 → Senior
A20: E017 | B20: Quinn Lewis | C20: 58000 | D20: Average | E20: 6 | F20: {=_xlfn.IFS(AND(D20="EXCELLENT",C20>=80000),"A+",AND(D20="EXCELLENT",C20<80000),"A",D20="GOOD","B",D20="AVERAGE","B",TRUE,"D")} -> B | G20: {=_xlfn.IFS(C20>=100000,"EXECUTIVE",C20>=80000,"SENIOR",C20>=65000,"MID LEVEL",C20<65000,"JUNIOR")} -> JUNIOR | H20: {=_xlfn.IFS(AND(D20="EXCELLENT",E20>="10 YEARS"),"PROMOTION CANDIDATE",(D20="AVERAGE"),"NEEDS IMPROVEMENT","TRUE","ON TRACK")} -> NEEDS IMPROVEMENT | L20: salary >= 65000 → Mid-Level
A21: E018 | B21: Ryan Walker | C21: 88000 | D21: Excellent | E21: 13 | F21: {=_xlfn.IFS(AND(D21="EXCELLENT",C21>=80000),"A+",AND(D21="EXCELLENT",C21<80000),"A",D21="GOOD","B",D21="AVERAGE","B",TRUE,"D")} -> A+ | G21: {=_xlfn.IFS(C21>=100000,"EXECUTIVE",C21>=80000,"SENIOR",C21>=65000,"MID LEVEL",C21<65000,"JUNIOR")} -> SENIOR | H21: {=_xlfn.IFS(AND(D21="EXCELLENT",E21>="10 YEARS"),"PROMOTION CANDIDATE",(D21="AVERAGE"),"NEEDS IMPROVEMENT","TRUE","ON TRACK")} -> ON TRACK | L21: salary < 65000 → Junior
A22: E019 | B22: Sara Hall | C22: 76000 | D22: Good | E22: 2 | F22: {=_xlfn.IFS(AND(D22="EXCELLENT",C22>=80000),"A+",AND(D22="EXCELLENT",C22<80000),"A",D22="GOOD","B",D22="AVERAGE","B",TRUE,"D")} -> B | G22: {=_xlfn.IFS(C22>=100000,"EXECUTIVE",C22>=80000,"SENIOR",C22>=65000,"MID LEVEL",C22<65000,"JUNIOR")} -> MID LEVEL | H22: {=_xlfn.IFS(AND(D22="EXCELLENT",E22>="10 YEARS"),"PROMOTION CANDIDATE",(D22="AVERAGE"),"NEEDS IMPROVEMENT","TRUE","ON TRACK")} -> ON TRACK
A23: E020 | B23: Tom Young | C23: 65000 | D23: Average | E23: 24 | F23: {=_xlfn.IFS(AND(D23="EXCELLENT",C23>=80000),"A+",AND(D23="EXCELLENT",C23<80000),"A",D23="GOOD","B",D23="AVERAGE","B",TRUE,"D")} -> B | G23: {=_xlfn.IFS(C23>=100000,"EXECUTIVE",C23>=80000,"SENIOR",C23>=65000,"MID LEVEL",C23<65000,"JUNIOR")} -> MID LEVEL | H23: {=_xlfn.IFS(AND(D23="EXCELLENT",E23>="10 YEARS"),"PROMOTION CANDIDATE",(D23="AVERAGE"),"NEEDS IMPROVEMENT","TRUE","ON TRACK")} -> NEEDS IMPROVEMENT
A24: E021 | B24: Uma Scott | C24: 64000 | D24: Excellent | E24: 9 | F24: {=_xlfn.IFS(AND(D24="EXCELLENT",C24>=80000),"A+",AND(D24="EXCELLENT",C24<80000),"A",D24="GOOD","B",D24="AVERAGE","B",TRUE,"D")} -> A | G24: {=_xlfn.IFS(C24>=100000,"EXECUTIVE",C24>=80000,"SENIOR",C24>=65000,"MID LEVEL",C24<65000,"JUNIOR")} -> JUNIOR | H24: {=_xlfn.IFS(AND(D24="EXCELLENT",E24>="10 YEARS"),"PROMOTION CANDIDATE",(D24="AVERAGE"),"NEEDS IMPROVEMENT","TRUE","ON TRACK")} -> ON TRACK | K24: Appraisal Note | L24: determine the promotion status using the following logic:
A25: E022 | B25: Victor King | C25: 79000 | D25: Good | E25: 15 | F25: {=_xlfn.IFS(AND(D25="EXCELLENT",C25>=80000),"A+",AND(D25="EXCELLENT",C25<80000),"A",D25="GOOD","B",D25="AVERAGE","B",TRUE,"D")} -> B | G25: {=_xlfn.IFS(C25>=100000,"EXECUTIVE",C25>=80000,"SENIOR",C25>=65000,"MID LEVEL",C25<65000,"JUNIOR")} -> MID LEVEL | H25: {=_xlfn.IFS(AND(D25="EXCELLENT",E25>="10 YEARS"),"PROMOTION CANDIDATE",(D25="AVERAGE"),"NEEDS IMPROVEMENT","TRUE","ON TRACK")} -> ON TRACK
A26: E023 | B26: Wendy Wright | C26: 87000 | D26: Excellent | E26: 8 | F26: {=_xlfn.IFS(AND(D26="EXCELLENT",C26>=80000),"A+",AND(D26="EXCELLENT",C26<80000),"A",D26="GOOD","B",D26="AVERAGE","B",TRUE,"D")} -> A+ | G26: {=_xlfn.IFS(C26>=100000,"EXECUTIVE",C26>=80000,"SENIOR",C26>=65000,"MID LEVEL",C26<65000,"JUNIOR")} -> SENIOR | H26: {=_xlfn.IFS(AND(D26="EXCELLENT",E26>="10 YEARS"),"PROMOTION CANDIDATE",(D26="AVERAGE"),"NEEDS IMPROVEMENT","TRUE","ON TRACK")} -> ON TRACK | L26: If rating = Excellent AND experience ≥ 10 years → Promotion Candidate
A27: E024 | B27: Xander Lopez | C27: 61000 | D27: Average | E27: 18 | F27: {=_xlfn.IFS(AND(D27="EXCELLENT",C27>=80000),"A+",AND(D27="EXCELLENT",C27<80000),"A",D27="GOOD","B",D27="AVERAGE","B",TRUE,"D")} -> B | G27: {=_xlfn.IFS(C27>=100000,"EXECUTIVE",C27>=80000,"SENIOR",C27>=65000,"MID LEVEL",C27<65000,"JUNIOR")} -> JUNIOR | H27: {=_xlfn.IFS(AND(D27="EXCELLENT",E27>="10 YEARS"),"PROMOTION CANDIDATE",(D27="AVERAGE"),"NEEDS IMPROVEMENT","TRUE","ON TRACK")} -> NEEDS IMPROVEMENT | L27: If rating = Average → Needs Improvement
A28: E025 | B28: Yara Hill | C28: 73000 | D28: Good | E28: 4 | F28: {=_xlfn.IFS(AND(D28="EXCELLENT",C28>=80000),"A+",AND(D28="EXCELLENT",C28<80000),"A",D28="GOOD","B",D28="AVERAGE","B",TRUE,"D")} -> B | G28: {=_xlfn.IFS(C28>=100000,"EXECUTIVE",C28>=80000,"SENIOR",C28>=65000,"MID LEVEL",C28<65000,"JUNIOR")} -> MID LEVEL | H28: {=_xlfn.IFS(AND(D28="EXCELLENT",E28>="10 YEARS"),"PROMOTION CANDIDATE",(D28="AVERAGE"),"NEEDS IMPROVEMENT","TRUE","ON TRACK")} -> ON TRACK | L28: Otherwise → On Track

Sheet ⚡ AND, OR, NOT
A1: ⚡ AND, OR, NOT — Combine or invert multiple logical conditions
A2: 📌 AND → all conditions must be TRUE | OR → at least one must be TRUE | NOT → reverses TRUE/FALSE | Combine them with IF for powerful logic.
A3: Emp ID | B3: Name | C3: Salary | D3: Performance | E3: Active? | F3: AND: Eligible? | G3: OR: Flag? | H3: NOT + IF Result
A4: E001 | B4: Alice Johnson | C4: 62000 | D4: Excellent | E4: Yes | F4: =IF(AND(D4="EXCELLENT",C4>=70000,E4="YES"),"ELIGIBLE","NOT ELIGIBLE") -> NOT ELIGIBLE | G4: =IF(OR(C4>=90000,D4="EXCELLENT"),"HIGH PRIORITY","NORMAL") -> HIGH PRIORITY | H4: =IF(NOT(E4="YES"),"INACTIVE EMPLOYEE","ACTIVE & WORKING") -> ACTIVE & WORKING
A5: E002 | B5: Bob Smith | C5: 75000 | D5: Good | E5: Yes | F5: =IF(AND(D5="EXCELLENT",C5>=70000,E5="YES"),"ELIGIBLE","NOT ELIGIBLE") -> NOT ELIGIBLE | G5: =IF(OR(C5>=90000,D5="EXCELLENT"),"HIGH PRIORITY","NORMAL") -> NORMAL | H5: =IF(NOT(E5="YES"),"INACTIVE EMPLOYEE","ACTIVE & WORKING") -> ACTIVE & WORKING
A6: E003 | B6: Carol White | C6: 90000 | D6: Excellent | E6: Yes | F6: =IF(AND(D6="EXCELLENT",C6>=70000,E6="YES"),"ELIGIBLE","NOT ELIGIBLE") -> ELIGIBLE | G6: =IF(OR(C6>=90000,D6="EXCELLENT"),"HIGH PRIORITY","NORMAL") -> HIGH PRIORITY | H6: =IF(NOT(E6="YES"),"INACTIVE EMPLOYEE","ACTIVE & WORKING") -> ACTIVE & WORKING | K6: AND: Eligible? | L6: check if an employee is eligible using these conditions:
A7: E004 | B7: David Brown | C7: 71000 | D7: Average | E7: Yes | F7: =IF(AND(D7="EXCELLENT",C7>=70000,E7="YES"),"ELIGIBLE","NOT ELIGIBLE") -> NOT ELIGIBLE | G7: =IF(OR(C7>=90000,D7="EXCELLENT"),"HIGH PRIORITY","NORMAL") -> NORMAL | H7: =IF(NOT(E7="YES"),"INACTIVE EMPLOYEE","ACTIVE & WORKING") -> ACTIVE & WORKING
A8: E005 | B8: Eva Green | C8: 55000 | D8: Good | E8: Yes | F8: =IF(AND(D8="EXCELLENT",C8>=70000,E8="YES"),"ELIGIBLE","NOT ELIGIBLE") -> NOT ELIGIBLE | G8: =IF(OR(C8>=90000,D8="EXCELLENT"),"HIGH PRIORITY","NORMAL") -> NORMAL | H8: =IF(NOT(E8="YES"),"INACTIVE EMPLOYEE","ACTIVE & WORKING") -> ACTIVE & WORKING | L8: Employee must:
A9: E006 | B9: Frank Lee | C9: 68000 | D9: Average | E9: No | F9: =IF(AND(D9="EXCELLENT",C9>=70000,E9="YES"),"ELIGIBLE","NOT ELIGIBLE") -> NOT ELIGIBLE | G9: =IF(OR(C9>=90000,D9="EXCELLENT"),"HIGH PRIORITY","NORMAL") -> NORMAL | H9: =IF(NOT(E9="YES"),"INACTIVE EMPLOYEE","ACTIVE & WORKING") -> INACTIVE EMPLOYEE | L9: Have rating Excellent
A10: E007 | B10: Grace Kim | C10: 95000 | D10: Excellent | E10: Yes | F10: =IF(AND(D10="EXCELLENT",C10>=70000,E10="YES"),"ELIGIBLE","NOT ELIGIBLE") -> ELIGIBLE | G10: =IF(OR(C10>=90000,D10="EXCELLENT"),"HIGH PRIORITY","NORMAL") -> HIGH PRIORITY | H10: =IF(NOT(E10="YES"),"INACTIVE EMPLOYEE","ACTIVE & WORKING") -> ACTIVE & WORKING | L10: Salary ≥ 70,000
A11: E008 | B11: Henry Davis | C11: 58000 | D11: Good | E11: Yes | F11: =IF(AND(D11="EXCELLENT",C11>=70000,E11="YES"),"ELIGIBLE","NOT ELIGIBLE") -> NOT ELIGIBLE | G11: =IF(OR(C11>=90000,D11="EXCELLENT"),"HIGH PRIORITY","NORMAL") -> NORMAL | H11: =IF(NOT(E11="YES"),"INACTIVE EMPLOYEE","ACTIVE & WORKING") -> ACTIVE & WORKING | L11: Status in column E = Yes
A12: E009 | B12: Isla Martin | C12: 72000 | D12: Excellent | E12: Yes | F12: =IF(AND(D12="EXCELLENT",C12>=70000,E12="YES"),"ELIGIBLE","NOT ELIGIBLE") -> ELIGIBLE | G12: =IF(OR(C12>=90000,D12="EXCELLENT"),"HIGH PRIORITY","NORMAL") -> HIGH PRIORITY | H12: =IF(NOT(E12="YES"),"INACTIVE EMPLOYEE","ACTIVE & WORKING") -> ACTIVE & WORKING | L12: If all conditions are true → Eligible, otherwise → Not Eligible.
A13: E010 | B13: Jack Wilson | C13: 80000 | D13: Average | E13: Yes | F13: =IF(AND(D13="EXCELLENT",C13>=70000,E13="YES"),"ELIGIBLE","NOT ELIGIBLE") -> NOT ELIGIBLE | G13: =IF(OR(C13>=90000,D13="EXCELLENT"),"HIGH PRIORITY","NORMAL") -> NORMAL | H13: =IF(NOT(E13="YES"),"INACTIVE EMPLOYEE","ACTIVE & WORKING") -> ACTIVE & WORKING
A14: E011 | B14: Karen Taylor | C14: 82000 | D14: Good | E14: No | F14: =IF(AND(D14="EXCELLENT",C14>=70000,E14="YES"),"ELIGIBLE","NOT ELIGIBLE") -> NOT ELIGIBLE | G14: =IF(OR(C14>=90000,D14="EXCELLENT"),"HIGH PRIORITY","NORMAL") -> NORMAL | H14: =IF(NOT(E14="YES"),"INACTIVE EMPLOYEE","ACTIVE & WORKING") -> INACTIVE EMPLOYEE
A15: E012 | B15: Liam Moore | C15: 63000 | D15: Average | E15: Yes | F15: =IF(AND(D15="EXCELLENT",C15>=70000,E15="YES"),"ELIGIBLE","NOT ELIGIBLE") -> NOT ELIGIBLE | G15: =IF(OR(C15>=90000,D15="EXCELLENT"),"HIGH PRIORITY","NORMAL") -> NORMAL | H15: =IF(NOT(E15="YES"),"INACTIVE EMPLOYEE","ACTIVE & WORKING") -> ACTIVE & WORKING | K15: OR: Flag? | L15: mark employees as High Priority if:
A16: E013 | B16: Mia Anderson | C16: 60000 | D16: Good | E16: Yes | F16: =IF(AND(D16="EXCELLENT",C16>=70000,E16="YES"),"ELIGIBLE","NOT ELIGIBLE") -> NOT ELIGIBLE | G16: =IF(OR(C16>=90000,D16="EXCELLENT"),"HIGH PRIORITY","NORMAL") -> NORMAL | H16: =IF(NOT(E16="YES"),"INACTIVE EMPLOYEE","ACTIVE & WORKING") -> ACTIVE & WORKING
A17: E014 | B17: Noah Thomas | C17: 105000 | D17: Excellent | E17: Yes | F17: =IF(AND(D17="EXCELLENT",C17>=70000,E17="YES"),"ELIGIBLE","NOT ELIGIBLE") -> ELIGIBLE | G17: =IF(OR(C17>=90000,D17="EXCELLENT"),"HIGH PRIORITY","NORMAL") -> HIGH PRIORITY | H17: =IF(NOT(E17="YES"),"INACTIVE EMPLOYEE","ACTIVE & WORKING") -> ACTIVE & WORKING | L17: Salary ≥ 90,000, OR
A18: E015 | B18: Olivia Harris | C18: 70000 | D18: Excellent | E18: Yes | F18: =IF(AND(D18="EXCELLENT",C18>=70000,E18="YES"),"ELIGIBLE","NOT ELIGIBLE") -> ELIGIBLE | G18: =IF(OR(C18>=90000,D18="EXCELLENT"),"HIGH PRIORITY","NORMAL") -> HIGH PRIORITY | H18: =IF(NOT(E18="YES"),"INACTIVE EMPLOYEE","ACTIVE & WORKING") -> ACTIVE & WORKING | L18: Rating is Excellent
A19: E016 | B19: Peter Clark | C19: 67000 | D19: Good | E19: No | F19: =IF(AND(D19="EXCELLENT",C19>=70000,E19="YES"),"ELIGIBLE","NOT ELIGIBLE") -> NOT ELIGIBLE | G19: =IF(OR(C19>=90000,D19="EXCELLENT"),"HIGH PRIORITY","NORMAL") -> NORMAL | H19: =IF(NOT(E19="YES"),"INACTIVE EMPLOYEE","ACTIVE & WORKING") -> INACTIVE EMPLOYEE | L19: Otherwise mark them as Normal.
A20: E017 | B20: Quinn Lewis | C20: 58000 | D20: Average | E20: Yes | F20: =IF(AND(D20="EXCELLENT",C20>=70000,E20="YES"),"ELIGIBLE","NOT ELIGIBLE") -> NOT ELIGIBLE | G20: =IF(OR(C20>=90000,D20="EXCELLENT"),"HIGH PRIORITY","NORMAL") -> NORMAL | H20: =IF(NOT(E20="YES"),"INACTIVE EMPLOYEE","ACTIVE & WORKING") -> ACTIVE & WORKING
A21: E018 | B21: Ryan Walker | C21: 88000 | D21: Excellent | E21: Yes | F21: =IF(AND(D21="EXCELLENT",C21>=70000,E21="YES"),"ELIGIBLE","NOT ELIGIBLE") -> ELIGIBLE | G21: =IF(OR(C21>=90000,D21="EXCELLENT"),"HIGH PRIORITY","NORMAL") -> HIGH PRIORITY | H21: =IF(NOT(E21="YES"),"INACTIVE EMPLOYEE","ACTIVE & WORKING") -> ACTIVE & WORKING
A22: E019 | B22: Sara Hall | C22: 76000 | D22: Good | E22: Yes | F22: =IF(AND(D22="EXCELLENT",C22>=70000,E22="YES"),"ELIGIBLE","NOT ELIGIBLE") -> NOT ELIGIBLE | G22: =IF(OR(C22>=90000,D22="EXCELLENT"),"HIGH PRIORITY","NORMAL") -> NORMAL | H22: =IF(NOT(E22="YES"),"INACTIVE EMPLOYEE","ACTIVE & WORKING") -> ACTIVE & WORKING
A23: E020 | B23: Tom Young | C23: 65000 | D23: Average | E23: Yes | F23: =IF(AND(D23="EXCELLENT",C23>=70000,E23="YES"),"ELIGIBLE","NOT ELIGIBLE") -> NOT ELIGIBLE | G23: =IF(OR(C23>=90000,D23="EXCELLENT"),"HIGH PRIORITY","NORMAL") -> NORMAL | H23: =IF(NOT(E23="YES"),"INACTIVE EMPLOYEE","ACTIVE & WORKING") -> ACTIVE & WORKING | K23: NOT + IF Result | L23: check employee activity status:
A24: E021 | B24: Uma Scott | C24: 64000 | D24: Excellent | E24: Yes | F24: =IF(AND(D24="EXCELLENT",C24>=70000,E24="YES"),"ELIGIBLE","NOT ELIGIBLE") -> NOT ELIGIBLE | G24: =IF(OR(C24>=90000,D24="EXCELLENT"),"HIGH PRIORITY","NORMAL") -> HIGH PRIORITY | H24: =IF(NOT(E24="YES"),"INACTIVE EMPLOYEE","ACTIVE & WORKING") -> ACTIVE & WORKING
A25: E022 | B25: Victor King | C25: 79000 | D25: Good | E25: Yes | F25: =IF(AND(D25="EXCELLENT",C25>=70000,E25="YES"),"ELIGIBLE","NOT ELIGIBLE") -> NOT ELIGIBLE | G25: =IF(OR(C25>=90000,D25="EXCELLENT"),"HIGH PRIORITY","NORMAL") -> NORMAL | H25: =IF(NOT(E25="YES"),"INACTIVE EMPLOYEE","ACTIVE & WORKING") -> ACTIVE & WORKING | L25: If column E is NOT "Yes" → return Inactive Employee
A26: E023 | B26: Wendy Wright | C26: 87000 | D26: Excellent | E26: Yes | F26: =IF(AND(D26="EXCELLENT",C26>=70000,E26="YES"),"ELIGIBLE","NOT ELIGIBLE") -> ELIGIBLE | G26: =IF(OR(C26>=90000,D26="EXCELLENT"),"HIGH PRIORITY","NORMAL") -> HIGH PRIORITY | H26: =IF(NOT(E26="YES"),"INACTIVE EMPLOYEE","ACTIVE & WORKING") -> ACTIVE & WORKING | L26: Otherwise → Active & Working
A27: E024 | B27: Xander Lopez | C27: 61000 | D27: Average | E27: No | F27: =IF(AND(D27="EXCELLENT",C27>=70000,E27="YES"),"ELIGIBLE","NOT ELIGIBLE") -> NOT ELIGIBLE | G27: =IF(OR(C27>=90000,D27="EXCELLENT"),"HIGH PRIORITY","NORMAL") -> NORMAL | H27: =IF(NOT(E27="YES"),"INACTIVE EMPLOYEE","ACTIVE & WORKING") -> INACTIVE EMPLOYEE
A28: E025 | B28: Yara Hill | C28: 73000 | D28: Good | E28: Yes | F28: =IF(AND(D28="EXCELLENT",C28>=70000,E28="YES"),"ELIGIBLE","NOT ELIGIBLE") -> NOT ELIGIBLE | G28: =IF(OR(C28>=90000,D28="EXCELLENT"),"HIGH PRIORITY","NORMAL") -> NORMAL | H28: =IF(NOT(E28="YES"),"INACTIVE EMPLOYEE","ACTIVE & WORKING") -> ACTIVE & WORKING

Sheet 🛡️ IFERROR & IFNA
A1: 🛡️ IFERROR & IFNA — Handle errors gracefully in formulas
A2: 📌 IFERROR catches ALL errors. IFNA catches only #N/A. Intentional error demo in column E.
A3: Emp ID | B3: Name | C3: Salary | D3: Projects | E3: Salary/Project (Raw) | F3: IFERROR Version | G3: IFNA + VLOOKUP
A4: E001 | B4: Alice Johnson | C4: 62000 | D4: 8 | E4: =C4/D4 -> 7750 | F4: =IFERROR(C4/D4,"ERROR") -> 7750
A5: E002 | B5: Bob Smith | C5: 75000 | D5: 12 | E5: =C5/D5 -> 6250 | F5: =IFERROR(C5/D5,"ERROR") -> 6250
A6: E003 | B6: Carol White | C6: 90000 | D6: 20 | E6: =C6/D6 -> 4500 | F6: =IFERROR(C6/D6,"ERROR") -> 4500
A7: E004 | B7: David Brown | C7: 71000 | D7: 9 | E7: =C7/D7 -> 7888.8889 | F7: =IFERROR(C7/D7,"ERROR") -> 7888.8889
A8: E005 | B8: Eva Green | C8: 55000 | D8: 6 | E8: =C8/D8 -> 9166.6667 | F8: =IFERROR(C8/D8,"ERROR") -> 9166.6667
A9: E006 | B9: Frank Lee | C9: 68000 | D9: 15 | E9: =C9/D9 -> 4533.3333 | F9: =IFERROR(C9/D9,"ERROR") -> 4533.3333
A10: E007 | B10: Grace Kim | C10: 95000 | D10: 22 | E10: =C10/D10 -> 4318.1818 | F10: =IFERROR(C10/D10,"ERROR") -> 4318.1818
A11: E008 | B11: Henry Davis | C11: 58000 | D11: 0 | E11: =C11/D11 -> #DIV/0! | F11: =IFERROR(C11/D11,"ERROR") -> ERROR
A12: E009 | B12: Isla Martin | C12: 72000 | D12: 18 | E12: =C12/D12 -> 4000 | F12: =IFERROR(C12/D12,"ERROR") -> 4000
A13: E010 | B13: Jack Wilson | C13: 80000 | D13: 10 | E13: =C13/D13 -> 8000 | F13: =IFERROR(C13/D13,"ERROR") -> 8000
A14: E011 | B14: Karen Taylor | C14: 82000 | D14: 14 | E14: =C14/D14 -> 5857.1429 | F14: =IFERROR(C14/D14,"ERROR") -> 5857.1429
A15: E012 | B15: Liam Moore | C15: 63000 | D15: 11 | E15: =C15/D15 -> 5727.2727 | F15: =IFERROR(C15/D15,"ERROR") -> 5727.2727
A16: E013 | B16: Mia Anderson | C16: 60000 | D16: 9 | E16: =C16/D16 -> 6666.6667 | F16: =IFERROR(C16/D16,"ERROR") -> 6666.6667
A17: E014 | B17: Noah Thomas | C17: 105000 | D17: 30 | E17: =C17/D17 -> 3500 | F17: =IFERROR(C17/D17,"ERROR") -> 3500 | G17: =_xlfn.IFNA(VLOOKUP('🛡️ IFERROR & IFNA'!A17,'🛡️ IFERROR & IFNA'!A17:F28,6,FALSE),"N/A") -> 3500
A18: E015 | B18: Olivia Harris | C18: 70000 | D18: 7 | E18: =C18/D18 -> 10000 | F18: =IFERROR(C18/D18,"ERROR") -> 10000 | G18: =_xlfn.IFNA(VLOOKUP('🛡️ IFERROR & IFNA'!A18,'🛡️ IFERROR & IFNA'!A18:F29,6,FALSE),"N/A") -> 10000
A19: E016 | B19: Peter Clark | C19: 67000 | D19: 13 | E19: =C19/D19 -> 5153.8462 | F19: =IFERROR(C19/D19,"ERROR") -> 5153.8462 | G19: =_xlfn.IFNA(VLOOKUP('🛡️ IFERROR & IFNA'!A19,'🛡️ IFERROR & IFNA'!A19:F30,6,FALSE),"N/A") -> 5153.8462
A20: E017 | B20: Quinn Lewis | C20: 58000 | D20: 8 | E20: =C20/D20 -> 7250 | F20: =IFERROR(C20/D20,"ERROR") -> 7250 | G20: =_xlfn.IFNA(VLOOKUP('🛡️ IFERROR & IFNA'!A20,'🛡️ IFERROR & IFNA'!A20:F31,6,FALSE),"N/A") -> 7250
A21: E018 | B21: Ryan Walker | C21: 88000 | D21: 17 | E21: =C21/D21 -> 5176.4706 | F21: =IFERROR(C21/D21,"ERROR") -> 5176.4706 | G21: =_xlfn.IFNA(VLOOKUP('🛡️ IFERROR & IFNA'!A21,'🛡️ IFERROR & IFNA'!A21:F32,6,FALSE),"N/A") -> 5176.4706
A22: E019 | B22: Sara Hall | C22: 76000 | D22: 0 | E22: =C22/D22 -> #DIV/0! | F22: =IFERROR(C22/D22,"ERROR") -> ERROR | G22: =_xlfn.IFNA(VLOOKUP('🛡️ IFERROR & IFNA'!A22,'🛡️ IFERROR & IFNA'!A22:F33,6,FALSE),"ERROR") -> ERROR
A23: E020 | B23: Tom Young | C23: 65000 | D23: 19 | E23: =C23/D23 -> 3421.0526 | F23: =IFERROR(C23/D23,"ERROR") -> 3421.0526 | G23: =_xlfn.IFNA(VLOOKUP('🛡️ IFERROR & IFNA'!A23,'🛡️ IFERROR & IFNA'!A23:F34,6,FALSE),"N/A") -> 3421.0526
A24: E021 | B24: Uma Scott | C24: 64000 | D24: 10 | E24: =C24/D24 -> 6400 | F24: =IFERROR(C24/D24,"ERROR") -> 6400 | G24: =_xlfn.IFNA(VLOOKUP('🛡️ IFERROR & IFNA'!A24,'🛡️ IFERROR & IFNA'!A24:F35,6,FALSE),"N/A") -> 6400
A25: E022 | B25: Victor King | C25: 79000 | D25: 16 | E25: =C25/D25 -> 4937.5 | F25: =IFERROR(C25/D25,"ERROR") -> 4937.5 | G25: =_xlfn.IFNA(VLOOKUP('🛡️ IFERROR & IFNA'!A25,'🛡️ IFERROR & IFNA'!A25:F36,6,FALSE),"N/A") -> 4937.5
A26: E023 | B26: Wendy Wright | C26: 87000 | D26: 14 | E26: =C26/D26 -> 6214.2857 | F26: =IFERROR(C26/D26,"ERROR") -> 6214.2857 | G26: =_xlfn.IFNA(VLOOKUP('🛡️ IFERROR & IFNA'!A26,'🛡️ IFERROR & IFNA'!A26:F37,6,FALSE),"N/A") -> 6214.2857
A27: E024 | B27: Xander Lopez | C27: 61000 | D27: 12 | E27: =C27/D27 -> 5083.3333 | F27: =IFERROR(C27/D27,"ERROR") -> 5083.3333 | G27: =_xlfn.IFNA(VLOOKUP('🛡️ IFERROR & IFNA'!A27,'🛡️ IFERROR & IFNA'!A27:F38,6,FALSE),"N/A") -> 5083.3333
A28: E025 | B28: Yara Hill | C28: 73000 | D28: 8 | E28: =C28/D28 -> 9125 | F28: =IFERROR(C28/D28,"ERROR") -> 9125 | G28: =_xlfn.IFNA(VLOOKUP('🛡️ IFERROR & IFNA'!A28,'🛡️ IFERROR & IFNA'!A28:F39,6,FALSE),"N/A") -> 9125

Sheet 📊 COUNTIF, SUMIF, AVGIF
A1: 📊 COUNTIF, SUMIF, AVERAGEIF — Aggregate data with one condition
A2: 📌 COUNTIF counts rows matching a criterion | SUMIF sums matching values | AVERAGEIF averages matching values | Criteria can be text, numbers, or wildcards (*, ?).
A3: Department Summary | F3: Performance Summary
A4: Department | B4: Count of Employees | C4: Total Salary | D4: Avg Salary | E4: Avg Projects | F4: Performance | G4: Count | H4: Total Salary | I4: Avg Salary | J4: Avg Exp
A5: HR | B5: =COUNTIF('📋 Employee Dataset'!C2:C27,"HR") -> 5 | C5: =SUMIFS(Salary,Department,"HR") -> 324000 | D5: =AVERAGE(C5/B5) -> 64800 | E5: =AVERAGEIF('📋 Employee Dataset'!C8:C27,"HR",'📋 Employee Dataset'!K8:K27) -> 12.25 | F5: Excellent | G5: =COUNTIF('📋 Employee Dataset'!G8:G27,"EXCELLENT") -> 7 | H5: =SUMIF('📋 Employee Dataset'!G8:G27,"EXCELLENT",'📋 Employee Dataset'!E8:E27) -> 581000 | I5: =AVERAGE(H5/G5) -> 83000 | J5: =AVERAGEIF('📋 Employee Dataset'!G8:G27,"EXCELLENT",'📋 Employee Dataset'!F8:F27) -> 12.428571
A6: IT | B6: =COUNTIF('📋 Employee Dataset'!C3:C28,"HR") -> 5 | C6: =SUMIFS(Salary,Department,"IT") -> 596000 | D6: =AVERAGE(C6/B6) -> 119200 | E6: =AVERAGEIF('📋 Employee Dataset'!C9:C28,"HR",'📋 Employee Dataset'!K9:K28) -> 11.333333 | F6: Good | G6: =COUNTIF('📋 Employee Dataset'!G8:G27,"GOOD") -> 7 | H6: =SUMIF('📋 Employee Dataset'!G8:G27,"GOOD",'📋 Employee Dataset'!E8:E27) -> 495000 | I6: =AVERAGE(H6/G6) -> 70714.286 | J6: =AVERAGEIF('📋 Employee Dataset'!G9:G28,"GOOD",'📋 Employee Dataset'!F9:F28) -> 8
A7: Finance | B7: =COUNTIF('📋 Employee Dataset'!C4:C29,"HR") -> 4 | C7: =SUMIFS(Salary,Department,"Finance") -> 533000 | D7: =AVERAGE(C7/B7) -> 133250 | E7: =AVERAGEIF('📋 Employee Dataset'!C10:C29,"HR",'📋 Employee Dataset'!K10:K29) -> 11.333333 | F7: Average | G7: =COUNTIF('📋 Employee Dataset'!G9:G28,"GOOD") -> 7 | H7: =SUMIF('📋 Employee Dataset'!G8:G27,"AVERAGE",'📋 Employee Dataset'!E8:E27) -> 395000 | I7: =AVERAGE(H7/G7) -> 56428.571 | J7: =AVERAGEIF('📋 Employee Dataset'!G10:G29,"AVERAGE",'📋 Employee Dataset'!F10:F29) -> 14.6
A8: Marketing | B8: =COUNTIF('📋 Employee Dataset'!C5:C30,"HR") -> 4 | C8: =SUMIFS(Salary,Department,"Marketing") -> 371000 | D8: =AVERAGE(C8/B8) -> 92750 | E8: =AVERAGEIF('📋 Employee Dataset'!C11:C30,"HR",'📋 Employee Dataset'!K11:K30) -> 11.333333
A10: 🔍 Wildcard & Comparison Criteria Examples
A11: Description | B11: Formula Used
A12: Count employees with name starting with "A" | B12: =COUNTIF('📋 Employee Dataset'!B3:B27,"A*") -> 1
A13: Count salaries > 80,000 | B13: =COUNTIF(Salary,">80000") -> 6
A14: Sum salaries between 60k-80k (using SUMIFS) | B14: =SUMIFS('📋 Employee Dataset'!E3:E27,Salary,">=60000",Salary,"<=80000") -> 1106000

Sheet 🔀 COUNTIFS, SUMIFS, AVGIFS
A1: 🔀 COUNTIFS, SUMIFS, AVERAGEIFS — Multiple conditions at once
A2: 📌 The 'S' versions accept multiple criteria ranges. All criteria must be met simultaneously (like AND logic). Ranges must be the same size.
A3: Multi-Condition Analysis
A4: Dept | B4: Performance | C4: Region | D4: Active | E4: COUNTIFS | F4: SUMIFS Salary | G4: AVGIFS Exp
A5: IT | B5: Excellent | C5: North | D5: Yes | E5: =COUNTIFS('📋 Employee Dataset'!C8:C27,"IT",'📋 Employee Dataset'!G8:G27,"EXCELLENT",'📋 Employee Dataset'!H8:H27,"NORTH",'📋 Employee Dataset'!L8:L27,"YES") -> 0 | F5: =SUMIFS('📋 Employee Dataset'!E8:E27,'📋 Employee Dataset'!C8:C27,A5,'📋 Employee Dataset'!G8:G27,B5,'📋 Employee Dataset'!H8:H27,C5,'📋 Employee Dataset'!L8:L27,D5) -> 0 | G5: =IFERROR(AVERAGEIFS('📋 Employee Dataset'!F3:F28,'📋 Employee Dataset'!C3:C28,'🔀 COUNTIFS, SUMIFS, AVGIFS'!A5,'📋 Employee Dataset'!G3:G28,'🔀 COUNTIFS, SUMIFS, AVGIFS'!B5,'📋 Employee Dataset'!H3:H28,'🔀 COUNTIFS, SUMIFS, AVGIFS'!C5,'📋 Employee Dataset'!L3:L28,'🔀 COUNTIFS, SUMIFS, AVGIFS'!D5),"N/A") -> N/A
A6: Finance | B6: Excellent | C6: East | D6: Yes | E6: =COUNTIFS('📋 Employee Dataset'!C9:C28,"FInance",'📋 Employee Dataset'!G9:G28,"EXCELLENT",'📋 Employee Dataset'!H9:H28,"EAST",'📋 Employee Dataset'!L9:L28,"YES") -> 2 | F6: =SUMIFS('📋 Employee Dataset'!E9:E28,'📋 Employee Dataset'!C9:C28,A6,'📋 Employee Dataset'!G9:G28,B6,'📋 Employee Dataset'!H9:H28,C6,'📋 Employee Dataset'!L9:L28,D6) -> 182000 | G6: =IFERROR(AVERAGEIFS('📋 Employee Dataset'!F4:F29,'📋 Employee Dataset'!C4:C29,'🔀 COUNTIFS, SUMIFS, AVGIFS'!A6,'📋 Employee Dataset'!G4:G29,'🔀 COUNTIFS, SUMIFS, AVGIFS'!B6,'📋 Employee Dataset'!H4:H29,'🔀 COUNTIFS, SUMIFS, AVGIFS'!C6,'📋 Employee Dataset'!L4:L29,'🔀 COUNTIFS, SUMIFS, AVGIFS'!D6),"N/A") -> 13.333333
A7: HR | B7: Good | C7: South | D7: Yes | E7: =COUNTIFS('📋 Employee Dataset'!C10:C29,"HR",'📋 Employee Dataset'!G10:G29,"GOOD",'📋 Employee Dataset'!H10:H29,"SOUTH",'📋 Employee Dataset'!L10:L29,"YES") -> 0 | F7: =SUMIFS('📋 Employee Dataset'!E10:E29,'📋 Employee Dataset'!C10:C29,A7,'📋 Employee Dataset'!G10:G29,B7,'📋 Employee Dataset'!H10:H29,C7,'📋 Employee Dataset'!L10:L29,D7) -> 0 | G7: =IFERROR(AVERAGEIFS('📋 Employee Dataset'!F5:F30,'📋 Employee Dataset'!C5:C30,'🔀 COUNTIFS, SUMIFS, AVGIFS'!A7,'📋 Employee Dataset'!G5:G30,'🔀 COUNTIFS, SUMIFS, AVGIFS'!B7,'📋 Employee Dataset'!H5:H30,'🔀 COUNTIFS, SUMIFS, AVGIFS'!C7,'📋 Employee Dataset'!L5:L30,'🔀 COUNTIFS, SUMIFS, AVGIFS'!D7),"N/A") -> N/A
A8: Marketing | B8: Average | C8: West | D8: Yes | E8: =COUNTIFS('📋 Employee Dataset'!C11:C30,"MARKETING",'📋 Employee Dataset'!G11:G30,"AVERAGE",'📋 Employee Dataset'!H11:H30,"WEST",'📋 Employee Dataset'!L11:L30,"YES") -> 1 | F8: =SUMIFS('📋 Employee Dataset'!E11:E30,'📋 Employee Dataset'!C11:C30,A8,'📋 Employee Dataset'!G11:G30,B8,'📋 Employee Dataset'!H11:H30,C8,'📋 Employee Dataset'!L11:L30,D8) -> 65000 | G8: =IFERROR(AVERAGEIFS('📋 Employee Dataset'!F6:F31,'📋 Employee Dataset'!C6:C31,'🔀 COUNTIFS, SUMIFS, AVGIFS'!A8,'📋 Employee Dataset'!G6:G31,'🔀 COUNTIFS, SUMIFS, AVGIFS'!B8,'📋 Employee Dataset'!H6:H31,'🔀 COUNTIFS, SUMIFS, AVGIFS'!C8,'📋 Employee Dataset'!L6:L31,'🔀 COUNTIFS, SUMIFS, AVGIFS'!D8),"N/A") -> 24

Sheet 🔄 SWITCH & CHOOSE
A1: 🔄 SWITCH & CHOOSE — Select from a list of values or cases
A2: 📌 SWITCH compares an expression against a list of values — cleaner than nested IF for exact matches. CHOOSE returns the Nth value from a list — great for mapping numbers to labels.
A3: Emp ID | B3: Name | C3: Department | D3: Perf Score # | E3: Region | F3: SWITCH: Dept Code | G3: CHOOSE: Perf Label | H3: SWITCH: Region Flag
A4: E001 | B4: Alice Johnson | C4: HR | D4: 1 | E4: North | F4: {=_xlfn.SWITCH(C4,"HR","HUM","IT","TECH","Finance","FIN","Marketing","MKT","UNK")} -> HUM | G4: =CHOOSE(D4,"Excellent","Good","Average") -> Excellent | H4: {=_xlfn.SWITCH(E4,"NORTH","N","South","S","East","E","West","W")} -> N
A5: E002 | B5: Bob Smith | C5: IT | D5: 2 | E5: South | F5: {=_xlfn.SWITCH(C5,"HR","HUM","IT","TECH","Finance","FIN","Marketing","MKT","UNK")} -> TECH | G5: =CHOOSE(D5,"Excellent","Good","Average") -> Good | H5: {=_xlfn.SWITCH(E5,"NORTH","N","South","S","East","E","West","W")} -> S
A6: E003 | B6: Carol White | C6: Finance | D6: 1 | E6: East | F6: {=_xlfn.SWITCH(C6,"HR","HUM","IT","TECH","Finance","FIN","Marketing","MKT","UNK")} -> FIN | G6: =CHOOSE(D6,"Excellent","Good","Average") -> Excellent | H6: {=_xlfn.SWITCH(E6,"NORTH","N","South","S","East","E","West","W")} -> E | K6: SWITCH: Dept Code | L6: convert department names into short department codes:
A7: E004 | B7: David Brown | C7: IT | D7: 3 | E7: West | F7: {=_xlfn.SWITCH(C7,"HR","HUM","IT","TECH","Finance","FIN","Marketing","MKT","UNK")} -> TECH | G7: =CHOOSE(D7,"Excellent","Good","Average") -> Average | H7: {=_xlfn.SWITCH(E7,"NORTH","N","South","S","East","E","West","W")} -> W
A8: E005 | B8: Eva Green | C8: Marketing | D8: 2 | E8: North | F8: {=_xlfn.SWITCH(C8,"HR","HUM","IT","TECH","Finance","FIN","Marketing","MKT","UNK")} -> MKT | G8: =CHOOSE(D8,"Excellent","Good","Average") -> Good | H8: {=_xlfn.SWITCH(E8,"NORTH","N","South","S","East","E","West","W")} -> N | L8: HR → HUM
A9: E006 | B9: Frank Lee | C9: HR | D9: 3 | E9: South | F9: {=_xlfn.SWITCH(C9,"HR","HUM","IT","TECH","Finance","FIN","Marketing","MKT","UNK")} -> HUM | G9: =CHOOSE(D9,"Excellent","Good","Average") -> Average | H9: {=_xlfn.SWITCH(E9,"NORTH","N","South","S","East","E","West","W")} -> S | L9: IT → TECH
A10: E007 | B10: Grace Kim | C10: Finance | D10: 1 | E10: East | F10: {=_xlfn.SWITCH(C10,"HR","HUM","IT","TECH","Finance","FIN","Marketing","MKT","UNK")} -> FIN | G10: =CHOOSE(D10,"Excellent","Good","Average") -> Excellent | H10: {=_xlfn.SWITCH(E10,"NORTH","N","South","S","East","E","West","W")} -> E | L10: Finance → FIN
A11: E008 | B11: Henry Davis | C11: IT | D11: 2 | E11: West | F11: {=_xlfn.SWITCH(C11,"HR","HUM","IT","TECH","Finance","FIN","Marketing","MKT","UNK")} -> TECH | G11: =CHOOSE(D11,"Excellent","Good","Average") -> Good | H11: {=_xlfn.SWITCH(E11,"NORTH","N","South","S","East","E","West","W")} -> W | L11: Marketing → MKT
A12: E009 | B12: Isla Martin | C12: Marketing | D12: 1 | E12: North | F12: {=_xlfn.SWITCH(C12,"HR","HUM","IT","TECH","Finance","FIN","Marketing","MKT","UNK")} -> MKT | G12: =CHOOSE(D12,"Excellent","Good","Average") -> Excellent | H12: {=_xlfn.SWITCH(E12,"NORTH","N","South","S","East","E","West","W")} -> N | L12: Otherwise → UNK
A13: E010 | B13: Jack Wilson | C13: Finance | D13: 3 | E13: South | F13: {=_xlfn.SWITCH(C13,"HR","HUM","IT","TECH","Finance","FIN","Marketing","MKT","UNK")} -> FIN | G13: =CHOOSE(D13,"Excellent","Good","Average") -> Average | H13: {=_xlfn.SWITCH(E13,"NORTH","N","South","S","East","E","West","W")} -> S
A14: E011 | B14: Karen Taylor | C14: IT | D14: 2 | E14: East | F14: {=_xlfn.SWITCH(C14,"HR","HUM","IT","TECH","Finance","FIN","Marketing","MKT","UNK")} -> TECH | G14: =CHOOSE(D14,"Excellent","Good","Average") -> Good | H14: {=_xlfn.SWITCH(E14,"NORTH","N","South","S","East","E","West","W")} -> E | K14: CHOOSE: Perf Label | L14: convert the performance rating number (column D) into text using the following mapping:
A15: E012 | B15: Liam Moore | C15: HR | D15: 3 | E15: West | F15: {=_xlfn.SWITCH(C15,"HR","HUM","IT","TECH","Finance","FIN","Marketing","MKT","UNK")} -> HUM | G15: =CHOOSE(D15,"Excellent","Good","Average") -> Average | H15: {=_xlfn.SWITCH(E15,"NORTH","N","South","S","East","E","West","W")} -> W
A16: E013 | B16: Mia Anderson | C16: Marketing | D16: 2 | E16: North | F16: {=_xlfn.SWITCH(C16,"HR","HUM","IT","TECH","Finance","FIN","Marketing","MKT","UNK")} -> MKT | G16: =CHOOSE(D16,"Excellent","Good","Average") -> Good | H16: {=_xlfn.SWITCH(E16,"NORTH","N","South","S","East","E","West","W")} -> N | L16: 1 → Excellent
A17: E014 | B17: Noah Thomas | C17: Finance | D17: 1 | E17: South | F17: {=_xlfn.SWITCH(C17,"HR","HUM","IT","TECH","Finance","FIN","Marketing","MKT","UNK")} -> FIN | G17: =CHOOSE(D17,"Excellent","Good","Average") -> Excellent | H17: {=_xlfn.SWITCH(E17,"NORTH","N","South","S","East","E","West","W")} -> S | L17: 2 → Good
A18: E015 | B18: Olivia Harris | C18: IT | D18: 1 | E18: East | F18: {=_xlfn.SWITCH(C18,"HR","HUM","IT","TECH","Finance","FIN","Marketing","MKT","UNK")} -> TECH | G18: =CHOOSE(D18,"Excellent","Good","Average") -> Excellent | H18: {=_xlfn.SWITCH(E18,"NORTH","N","South","S","East","E","West","W")} -> E | L18: 3 → Average
A19: E016 | B19: Peter Clark | C19: HR | D19: 2 | E19: West | F19: {=_xlfn.SWITCH(C19,"HR","HUM","IT","TECH","Finance","FIN","Marketing","MKT","UNK")} -> HUM | G19: =CHOOSE(D19,"Excellent","Good","Average") -> Good | H19: {=_xlfn.SWITCH(E19,"NORTH","N","South","S","East","E","West","W")} -> W
A20: E017 | B20: Quinn Lewis | C20: Marketing | D20: 3 | E20: North | F20: {=_xlfn.SWITCH(C20,"HR","HUM","IT","TECH","Finance","FIN","Marketing","MKT","UNK")} -> MKT | G20: =CHOOSE(D20,"Excellent","Good","Average") -> Average | H20: {=_xlfn.SWITCH(E20,"NORTH","N","South","S","East","E","West","W")} -> N
A21: E018 | B21: Ryan Walker | C21: IT | D21: 1 | E21: South | F21: {=_xlfn.SWITCH(C21,"HR","HUM","IT","TECH","Finance","FIN","Marketing","MKT","UNK")} -> TECH | G21: =CHOOSE(D21,"Excellent","Good","Average") -> Excellent | H21: {=_xlfn.SWITCH(E21,"NORTH","N","South","S","East","E","West","W")} -> S | K21: SWITCH: Region Flag | L21: convert region names into single-letter codes:
A22: E019 | B22: Sara Hall | C22: Finance | D22: 2 | E22: East | F22: {=_xlfn.SWITCH(C22,"HR","HUM","IT","TECH","Finance","FIN","Marketing","MKT","UNK")} -> FIN | G22: =CHOOSE(D22,"Excellent","Good","Average") -> Good | H22: {=_xlfn.SWITCH(E22,"NORTH","N","South","S","East","E","West","W")} -> E
A23: E020 | B23: Tom Young | C23: Marketing | D23: 3 | E23: West | F23: {=_xlfn.SWITCH(C23,"HR","HUM","IT","TECH","Finance","FIN","Marketing","MKT","UNK")} -> MKT | G23: =CHOOSE(D23,"Excellent","Good","Average") -> Average | H23: {=_xlfn.SWITCH(E23,"NORTH","N","South","S","East","E","West","W")} -> W | L23: North → N
A24: E021 | B24: Uma Scott | C24: HR | D24: 1 | E24: North | F24: {=_xlfn.SWITCH(C24,"HR","HUM","IT","TECH","Finance","FIN","Marketing","MKT","UNK")} -> HUM | G24: =CHOOSE(D24,"Excellent","Good","Average") -> Excellent | H24: {=_xlfn.SWITCH(E24,"NORTH","N","South","S","East","E","West","W")} -> N | L24: South → S
A25: E022 | B25: Victor King | C25: IT | D25: 2 | E25: South | F25: {=_xlfn.SWITCH(C25,"HR","HUM","IT","TECH","Finance","FIN","Marketing","MKT","UNK")} -> TECH | G25: =CHOOSE(D25,"Excellent","Good","Average") -> Good | H25: {=_xlfn.SWITCH(E25,"NORTH","N","South","S","East","E","West","W")} -> S | L25: East → E
A26: E023 | B26: Wendy Wright | C26: Finance | D26: 1 | E26: East | F26: {=_xlfn.SWITCH(C26,"HR","HUM","IT","TECH","Finance","FIN","Marketing","MKT","UNK")} -> FIN | G26: =CHOOSE(D26,"Excellent","Good","Average") -> Excellent | H26: {=_xlfn.SWITCH(E26,"NORTH","N","South","S","East","E","West","W")} -> E | L26: West → W
A27: E024 | B27: Xander Lopez | C27: Marketing | D27: 3 | E27: West | F27: {=_xlfn.SWITCH(C27,"HR","HUM","IT","TECH","Finance","FIN","Marketing","MKT","UNK")} -> MKT | G27: =CHOOSE(D27,"Excellent","Good","Average") -> Average | H27: {=_xlfn.SWITCH(E27,"NORTH","N","South","S","East","E","West","W")} -> W | L27: Otherwise → ?
A28: E025 | B28: Yara Hill | C28: IT | D28: 2 | E28: North | F28: {=_xlfn.SWITCH(C28,"HR","HUM","IT","TECH","Finance","FIN","Marketing","MKT","UNK")} -> TECH | G28: =CHOOSE(D28,"Excellent","Good","Average") -> Good | H28: {=_xlfn.SWITCH(E28,"NORTH","N","South","S","East","E","West","W")} -> N

Sheet ✏️ Practice Exercises
A1: ✏️ Practice Exercises — Write your own formulas in the yellow cells!
A2: 📌 Type your formula in each yellow cell. The answer is hidden — use the other sheets to verify. All formulas reference '📋 Employee Dataset'.
A4: ✦ IF Functions
A5: Q1 | B5: Using IF: Label each employee 'High Earner' if Salary > 75000, else 'Standard' | C5: =IF('📋 Employee Dataset'!E3>75000,"HIGH EARNER","LOW EARNER") | D5: ⭐ Easy
A6: Q2 | B6: Using IF: Show 'Active' if Active? column is 'Yes', otherwise show 'Inactive' | C6: =IF('📋 Employee Dataset'!L3="yes","ACTIVE","INACTIVE") | D6: ⭐ Easy
A7: ✦ Nested IF Functions
A8: Q3 | B8: Assign tax brackets: Salary ≥90k → 'High Tax', ≥65k → 'Mid Tax', else 'Low Tax' | C8: =IFS(AND('📋 Employee Dataset'!E8>=90000),"HIGH TAX",AND('📋 Employee Dataset'!E8>=65000),"MID TAX",'📋 Employee Dataset'!E8,"LOW TAX") | D8: ⭐⭐ Medium
A9: ✦ AND Functions
A10: Q4 | B10: Flag employees who are in IT AND have Excellent performance | D10: ⭐⭐ Medium
A11: ✦ OR Functions
A12: Q5 | B12: Mark 'Review' if Salary < 60000 OR Years Exp < 3 | C12: =IF(OR('📋 Employee Dataset'!E8<60000,'📋 Employee Dataset'!F8<3),"Review") | D12: ⭐⭐ Medium
A13: ✦ NOT Functions
A14: Q6 | B14: Show 'Available for Project' if the employee is NOT inactive (Active?=No) | C14: ← Type your formula here | D14: ⭐⭐ Medium
A15: ✦ IFERROR Functions
A16: Q7 | B16: Divide Salary by Projects Done, show 'N/A' on error | C16: =IFERROR('📋 Employee Dataset'!E8/'📋 Employee Dataset'!K8,"N/A") | D16: ⭐⭐ Medium
A17: ✦ COUNTIF Functions
A18: Q8 | B18: Count total employees in the Finance department | C18: =COUNTIF('📋 Employee Dataset'!C8:C27,"Finance") | D18: ⭐ Easy
A19: ✦ SUMIF Functions
A20: Q9 | B20: Sum all salaries for Marketing employees | C20: =SUMIF('📋 Employee Dataset'!C8:C27,"Marketing",'📋 Employee Dataset'!E8:E27) | D20: ⭐ Easy
A21: ✦ AVERAGEIF Functions
A22: Q10 | B22: Average salary of employees with 'Excellent' performance | C22: =AVERAGEIF('📋 Employee Dataset'!G8:G27,"Excellent",'📋 Employee Dataset'!E8:E27) | D22: ⭐⭐ Medium
A23: ✦ COUNTIFS Functions
A24: Q11 | B24: Count employees in IT with Good OR Excellent performance AND Active=Yes | D24: ⭐⭐⭐ Hard
A25: ✦ SUMIFS Functions
A26: Q12 | B26: Sum salaries of Excellent performers in the North region | C26: ← Type your formula here | D26: ⭐⭐⭐ Hard
A27: ✦ IFS Functions
A28: Q13 | B28: Using IFS: Assign 'Band A' if Salary≥90k, 'Band B' if ≥70k, else 'Band C' | C28: ← Type your formula here | D28: ⭐⭐ Medium
A29: ✦ SWITCH Functions
A30: Q14 | B30: Using SWITCH: Map Department to short codes (HR→H, IT→I, Finance→F, Marketing→M) | C30: ← Type your formula here | D30: ⭐⭐ Medium
A31: ✦ CHOOSE Functions
A32: Q15 | B32: Map the numeric Performance Score (1=Excellent,2=Good,3=Average) to star ratings ⭐⭐⭐, ⭐⭐, ⭐ | C32: ← Type your formula here | D32: ⭐⭐⭐ Hard

Sheet 📌 Quick Reference
A1: 📌 Excel Logical Functions — Quick Reference Card
A2: Function | B2: Syntax | C2: Purpose | D2: Returns | E2: Since | F2: Example
A3: IF | B3: '=IF(test, TRUE(), FALSE()) | C3: Test one condition | D3: Any value | E3: Excel 97 | F3: '=IF(A1>0,"Pos","Neg")
A4: IFS | B4: '=ifs(T1,V1, T2,V2, ...) | C4: Test multiple conditions in order | D4: Any value | E4: 2019+ | F4: '=ifs(A1>90,"A",A1>80,"B","C")
A5: AND | B5: '=AND(cond1, cond2, ...) | C5: All conditions must be TRUE | D5: TRUE/FALSE | E5: Excel 97 | F5: '=AND(A1>0,B1<10)
A6: OR | B6: '=OR(cond1, cond2, ...) | C6: At least one must be TRUE | D6: TRUE/FALSE | E6: Excel 97 | F6: '=OR(A1="Yes",B1="Yes")
A7: NOT | B7: '=NOT(condition) | C7: Inverts TRUE↔FALSE | D7: TRUE/FALSE | E7: Excel 97 | F7: '=NOT(A1="No")
A8: IFERROR | B8: '=IFERROR(value, value_if_error) | C8: Catch any formula error | D8: Any value | E8: 2007+ | F8: '=IFERROR(A1/B1,0)
A9: IFNA | B9: '=ifna(value, value_if_na) | C9: Catch only #N/A errors | D9: Any value | E9: 2013+ | F9: '=ifna(VLOOKUP(A1,B:C,2,0),"NF")
A10: COUNTIF | B10: '=COUNTIF(range, criteria) | C10: Count matching cells | D10: Number | E10: Excel 97 | F10: '=COUNTIF(A:A,"IT")
A11: COUNTIFS | B11: '=COUNTIFS(RNG1,crit1,RNG2,crit2,...) | C11: Count with multiple conditions | D11: Number | E11: 2007+ | F11: '=COUNTIFS(A:A,"IT",B:B,">50k")
A12: SUMIF | B12: '=SUMIF(range, criteria, sum_range) | C12: Sum matching cells | D12: Number | E12: Excel 97 | F12: '=SUMIF(A:A,"IT",C:C)
A13: SUMIFS | B13: '=SUMIFS(sum_rng,RNG1,CR1,RNG2,CR2,...) | C13: Sum with multiple conditions | D13: Number | E13: 2007+ | F13: '=SUMIFS(C:C,A:A,"IT",B:B,"Yes")
... A18: TRUE/FALSE | B18: '=TRUE() / =FALSE() | C18: Return logical constant | D18: TRUE/FALSE | E18: Excel 97 | F18: '=IF(TRUE(),"Yes","No")
